{
  "lang":"en",
  "name":"pipeline",
  "version":"0.0.0",
  "spacy_version":">=3.5.3,<3.6.0",
  "description":"",
  "author":"",
  "email":"",
  "url":"",
  "license":"",
  "spacy_git_version":"Unknown",
  "vectors":{
    "width":0,
    "vectors":0,
    "keys":0,
    "name":null,
    "mode":"default"
  },
  "labels":{
    "transformer":[

    ],
    "ner":[
      "College Name",
      "Companies worked at",
      "Degree",
      "Designation",
      "Email Address",
      "Graduation Year",
      "Location",
      "Name",
      "Skills",
      "UNKNOWN",
      "Years of Experience"
    ]
  },
  "pipeline":[
    "transformer",
    "ner"
  ],
  "components":[
    "transformer",
    "ner"
  ],
  "disabled":[

  ],
  "performance":{
    "ents_f":0.5624012638,
    "ents_p":0.6194895592,
    "ents_r":0.5149469624,
    "ents_per_type":{
      "Name":{
        "p":0.9836065574,
        "r":0.9677419355,
        "f":0.9756097561
      },
      "Designation":{
        "p":0.5897435897,
        "r":0.6216216216,
        "f":0.6052631579
      },
      "Companies worked at":{
        "p":0.5862068966,
        "r":0.4131944444,
        "f":0.4847250509
      },
      "Location":{
        "p":0.6576576577,
        "r":0.6134453782,
        "f":0.6347826087
      },
      "Email Address":{
        "p":0.7727272727,
        "r":0.9622641509,
        "f":0.8571428571
      },
      "Skills":{
        "p":0.4054054054,
        "r":0.1094890511,
        "f":0.1724137931
      },
      "Degree":{
        "p":0.6543209877,
        "r":0.6973684211,
        "f":0.6751592357
      },
      "Graduation Year":{
        "p":0.4864864865,
        "r":0.2535211268,
        "f":0.3333333333
      },
      "College Name":{
        "p":0.5106382979,
        "r":0.6857142857,
        "f":0.5853658537
      },
      "Years of Experience":{
        "p":0.3125,
        "r":0.3846153846,
        "f":0.3448275862
      }
    },
    "transformer_loss":12033.928912604,
    "ner_loss":16399.2104690044
  }
}